freq,total
protests,3
take,2
capitol,8
building,2
trump,25
time,8
vote,3
want,3
terry,3
crews,3
culture,3
back,1
joe,1
new,8
president,5
wall,1
order,4
muslim,1
ban,11
calls,4
us,3
election,5
americans,2
china,9
must,3
slave,3
power,2
social,2
media,8
go,3
sen,1
cruz,2
members,1
congress,1
rioters,3
could,1
years,1
executive,1
mcconnell,3
says,9
jan,1
riot,3
google,1
app,1
biden,10
large,1
breaking,3
george,2
death,1
men,4
around,2
democrats,2
coronavirus,3
rules,1
worse,1
covid,3
stimulus,2
checks,2
gop,2
news,10
shows,2
never,4
actually,1
anything,1
companies,2
bill,7
would,4
made,1
labor,1
man,4
government,5
might,1
vaccine,1
way,1
humanity,1
twitter,5
votes,4
instead,1
end,4
away,3
change,3
try,1
make,1
people,12
believe,2
unfortunately,1
edit,1
posting,1
post,3
one,3
ever,2
name,1
going,2
reddit,5
forget,2
let,2
said,2
open,1
discussion,1
waves,1
comments,2
banned,4
active,1
conservative,8
also,2
parler,2
posts,1
well,1
gender,2
fox,4
two,2
weeks,2
allegedly,1
michigan,1
gov,1
law,1
making,3
send,1
marjorie,1
taylor,2
greene,1
republican,3
party,2
donations,1
republicans,1
america,5
considering,2
policies,1
part,3
business,2
orange,2
small,1
tulsi,3
gabbard,3
introduces,3
edward,1
snowden,1
health,1
get,6
saying,1
antifa,5
politics,2
divide,1
electoral,1
nazi,1
chinese,5
day,1
ok,1
aoc,2
full,3
cuomo,2
home,2
case,1
jury,2
defund,2
police,6
claiming,2
real,3
crimes,1
called,6
test,1
video,2
lives,3
matter,4
lost,2
today,1
really,2
lot,2
multiple,1
sean,1
cnn,1
tired,1
nick,3
cannon,2
white,6
good,3
move,1
political,3
statements,1
bannon,1
york,3
fan,1
thing,1
justice,2
texas,2
officially,1
facebook,2
billion,2
market,1
public,2
censor,1
footage,1
eyes,1
buy,1
money,1
paid,1
democrat,3
calling,2
months,1
great,1
got,1
put,2
black,5
nice,1
life,1
handouts,3
american,5
love,1
u,3
taxes,1
gun,1
netflix,1
cuties,1
legal,1
fbi,1
campaign,2
voter,1
blm,3
rand,1
paul,1
maher,1
show,1
ted,1
everyone,1
women,4
denies,1
governor,2
reveals,1
truth,1
straight,1
team,2
say,4
first,3
russian,1
firms,1
cancel,2
effort,1
history,2
race,6
shop,2
flag,1
banning,3
citizens,2
sports,1
biological,1
looks,1
like,1
british,1
high,1
court,1
journalists,1
violence,1
behind,1
TRUE,1
girl,1
wear,1
threatens,2
administration,1
gets,1
guy,1
seattle,1
poll,2
defends,1
tweets,1
strong,1
free,2
speech,3
gone,1
completely,1
understand,2
subreddit,1
rule,2
majority,1
equality,1
liberal,1
promised,1
california,2
may,1
seat,1
many,1
become,1
mayor,1
stay,1
mark,1
wife,1
million,2
constitutional,1
afghanistan,1
announces,1
dropping,1
west,1
supremacy,1
allow,1
caught,2
portion,1
month,1
remember,1
country,1
communist,1
nancy,1
pelosi,1