freq,total
want,4
taxes,1
back,1
fox,2
news,4
mcconnell,1
trump,30
democrats,5
congress,5
got,3
paid,2
full,3
months,1
american,5
money,3
new,5
rule,1
wall,1
allow,2
wear,1
around,1
breaking,1
threatens,1
bill,9
checks,2
democrat,4
people,9
vote,6
would,8
biden,9
portion,1
country,4
really,3
policies,1
put,1
fan,1
understand,4
thing,1
tired,1
divide,1
first,4
make,1
real,1
effort,1
take,4
time,6
believe,2
edit,2
way,1
get,5
two,5
comments,3
unfortunately,1
also,1
made,2
post,3
say,4
try,1
many,1
might,1
one,8
poll,5
americans,8
party,9
never,3
forget,1
let,3
straight,1
justice,2
gender,1
equality,1
may,1
chinese,5
communist,4
citizens,1
weeks,1
protests,1
sen,1
introduces,1
companies,2
slave,1
labor,1
ok,1
court,4
rules,2
home,3
gun,1
wife,1
test,1
coronavirus,4
lot,5
claiming,1
waves,1
nazi,1
flag,1
michigan,1
man,4
actually,2
announces,3
love,3
ban,1
biological,2
men,1
women,3
sports,2
stimulus,1
voter,2
cnn,1
dropping,1
guy,1
video,1
stay,2
strong,1
everyone,1
reddit,4
u,1
anything,1
rand,2
paul,2
republicans,5
gop,2
go,4
says,4
considering,2
edward,1
snowden,1
million,5
members,2
shows,1
british,2
life,1
firms,1
covid,2
vaccine,1
joe,4
tweets,2
defund,1
police,1
aoc,1
speech,7
banning,1
us,3
social,2
media,4
law,1
marjorie,1
taylor,1
greene,1
election,6
cancel,1
culture,1
california,2
gov,1
large,2
active,1
name,1
going,3
well,5
president,3
google,2
parler,3
free,7
send,1
china,1
crimes,1
humanity,1
censor,1
maher,1
defends,2
capitol,4
rioters,2
health,1
must,1
executive,1
order,1
afghanistan,2
great,2
behind,1
gone,2
netflix,1
cuties,1
texas,2
jury,1
show,1
facebook,3
part,2
riot,2
app,2
away,1
good,3
twitter,1
cuomo,2
worse,1
banned,1
denies,1
case,1
electoral,1
votes,2
tulsi,1
gabbard,1
calling,2
terry,2
crews,2
saying,1
white,1
race,1
black,6
supremacy,1
TRUE,4
pelosi,2
remember,1
politics,2
end,1
day,2
antifa,1
seattle,2
move,1
like,10
open,1
discussion,1
could,1
russian,1
public,1
eyes,1
blm,1
buy,1
multiple,1
team,2
lost,2
girl,1
shop,1
government,1
completely,1
small,1
business,1
instead,1
market,1
posts,1
month,1
nice,1
conservative,1
america,1
lives,3
ted,1
cruz,1
officially,1
billion,1
looks,1
west,1
high,1
matter,2
political,4
years,1
campaign,1
legal,2
majority,1
statements,1
nick,1
cannon,1
mayor,3
journalists,1
history,1
making,1
republican,1
mark,1
become,1
governor,2
power,2
bannon,1
administration,2
jan,2
calls,1
york,1
called,1
promised,1
seat,1
posting,1
orange,1
allegedly,1
donations,1
fbi,1
muslim,1
said,1
building,1
nancy,1
reveals,1
handouts,1
liberal,1
george,1
subreddit,1
today,1
change,1
footage,1
violence,1
death,1
sean,1
ever,1
truth,1
gets,1
caught,1
constitutional,1